{
    "error": {
        "root_cause": [
            {
                "type": "index_not_found_exception",
                "reason": "no such index",
                "resource.type": "index_or_alias",
                "resource.id": "index",
                "index_uuid": "_na_",
                "index": "index"
            }
        ],
        "type": "index_not_found_exception",
        "reason": "no such index",
        "resource.type": "index_or_alias",
        "resource.id": "index",
        "index_uuid": "_na_",
        "index": "index"
    },
    "status": 404
}
