{
    "_shards": {
        "failed": 0,
        "skipped": 0,
        "successful": 1,
        "total": 1
    },
    "hits": {
        "hits": [
            {
                "_id": "1",
                "_score": 1.0,
                "_source": {
                    "description": "Test",
                    "name": "test"
                },
                "_type": "_doc"
            }
        ],
        "max_score": 1.0,
        "total": {
            "relation": "eq",
            "value": 1
        }
    },
    "timed_out": false,
    "took": 8
}
